{
    "chip_number": "kristalsos_waf6chip1",
    "transistor_type": "DT13p_W520_L6",
    "characteristic": "soi_dc_idvd",
    "temperature": "301K",
    "ICCAP_INPUTS": [
        "vg         V  G GROUND SMU2 1E-005 LIN\t2\t0\t-5\t6\t-1",
        "vb         V  B GROUND SMU4 0.01 LIN\t3\t-1         -1         1    -1",
        "vd         V  D GROUND SMU1 0.1 LIN\t1\t0          -5          51   -0.1",
        "vs         V  S GROUND SMU3 0.1 CON        0",
        "ve         V  E GROUND SMU5 0.1 CON        0"
    ],
    "ICCAP_VALUES": {},
    "measurements_list": [
        [],
        [
            0.0,
            -2.83837e-10,
            0.0,
            -1.05313e-08
        ],
        [
            -0.1,
            -4.48823e-10,
            0.0,
            -1.06601e-08
        ],
        [
            -0.2,
            -7.01308e-10,
            0.0,
            -1.06092e-08
        ],
        [
            -0.3,
            -6.29902e-10,
            0.0,
            -1.03022e-08
        ],
        [
            -0.4,
            -5.95212e-10,
            0.0,
            -1.00837e-08
        ],
        [
            -0.5,
            -5.43117e-10,
            0.0,
            -1.00468e-08
        ],
        [
            -0.6,
            -4.73499e-10,
            0.0,
            -9.88018e-09
        ],
        [
            -0.7,
            -6.06298e-10,
            0.0,
            -9.93001e-09
        ],
        [
            -0.8,
            -5.79715e-10,
            0.0,
            -9.78255e-09
        ],
        [
            -0.9,
            -5.89728e-10,
            0.0,
            -9.93371e-09
        ],
        [
            -1.0,
            -1.04713e-09,
            0.0,
            -9.98938e-09
        ],
        [
            -1.1,
            -7.15613e-10,
            0.0,
            -9.91499e-09
        ],
        [
            -1.2,
            -6.69837e-10,
            0.0,
            -9.60314e-09
        ],
        [
            -1.3,
            -6.2263e-10,
            0.0,
            -9.27186e-09
        ],
        [
            -1.4,
            -8.20994e-10,
            0.0,
            -9.39822e-09
        ],
        [
            -1.5,
            -8.06928e-10,
            0.0,
            -9.67741e-09
        ],
        [
            -1.6,
            -7.59602e-10,
            0.0,
            -9.40454e-09
        ],
        [
            -1.7,
            -7.658e-10,
            0.0,
            -9.2237e-09
        ],
        [
            -1.8,
            7.70092e-11,
            0.0,
            -9.34529e-09
        ],
        [
            -1.9,
            -7.98345e-10,
            0.0,
            -9.16684e-09
        ],
        [
            -2.0,
            -7.97153e-10,
            0.0,
            -9.20284e-09
        ],
        [
            -2.1,
            -9.09805e-10,
            0.0,
            -9.38308e-09
        ],
        [
            -2.2,
            -7.98583e-10,
            0.0,
            -9.23216e-09
        ],
        [
            -2.3,
            -7.80106e-10,
            0.0,
            -9.1542e-09
        ],
        [
            -2.4,
            -8.37922e-10,
            0.0,
            -9.17602e-09
        ],
        [
            -2.5,
            -7.93576e-10,
            0.0,
            -9.15456e-09
        ],
        [
            -2.6,
            -7.94172e-10,
            0.0,
            -8.99351e-09
        ],
        [
            -2.7,
            -8.23021e-10,
            0.0,
            -9.02116e-09
        ],
        [
            -2.8,
            -9.04083e-10,
            0.0,
            -8.88276e-09
        ],
        [
            -2.9,
            -9.74178e-10,
            0.0,
            -8.93366e-09
        ],
        [
            -3.0,
            -9.8753e-10,
            0.0,
            -8.78215e-09
        ],
        [
            -3.1,
            -9.37581e-10,
            0.0,
            -8.70097e-09
        ],
        [
            -3.2,
            -8.73446e-10,
            0.0,
            -8.72707e-09
        ],
        [
            -3.3,
            -9.18746e-10,
            0.0,
            -8.73601e-09
        ],
        [
            -3.4,
            -8.89182e-10,
            0.0,
            -8.73065e-09
        ],
        [
            -3.5,
            -9.22918e-10,
            0.0,
            -8.59487e-09
        ],
        [
            -3.6,
            -9.67741e-10,
            0.0,
            -8.58212e-09
        ],
        [
            -3.7,
            -9.88126e-10,
            0.0,
            -8.51691e-09
        ],
        [
            -3.8,
            -1.03176e-09,
            0.0,
            -8.43692e-09
        ],
        [
            -3.9,
            -1.02389e-09,
            0.0,
            -8.5057e-09
        ],
        [
            -4.0,
            -9.53078e-10,
            0.0,
            -8.44753e-09
        ],
        [
            -4.1,
            -9.96232e-10,
            0.0,
            -8.37553e-09
        ],
        [
            -4.2,
            -8.90136e-10,
            0.0,
            -8.3102e-09
        ],
        [
            -4.3,
            -9.77635e-10,
            0.0,
            -8.20923e-09
        ],
        [
            -4.4,
            -1.0308e-09,
            0.0,
            -8.25095e-09
        ],
        [
            -4.5,
            -9.99093e-10,
            0.0,
            -8.14593e-09
        ],
        [
            -4.6,
            -1.14596e-09,
            0.0,
            -8.15415e-09
        ],
        [
            -4.7,
            -1.17099e-09,
            0.0,
            -8.09324e-09
        ],
        [
            -4.8,
            -1.15371e-09,
            0.0,
            -8.01837e-09
        ],
        [
            -4.9,
            -1.15144e-09,
            0.0,
            -8.03864e-09
        ],
        [
            -5.0,
            -1.18148e-09,
            0.0,
            -7.91597e-09
        ],
        [],
        [
            0.0,
            -1.06931e-10,
            0.0,
            -1.50431e-08
        ],
        [
            -0.1,
            -3.79443e-10,
            0.0,
            -1.1804e-08
        ],
        [
            -0.2,
            -4.73499e-10,
            0.0,
            -1.14219e-08
        ],
        [
            -0.3,
            -5.30004e-10,
            0.0,
            -1.07994e-08
        ],
        [
            -0.4,
            -6.33836e-10,
            0.0,
            -1.09532e-08
        ],
        [
            -0.5,
            -6.25968e-10,
            0.0,
            -1.07355e-08
        ],
        [
            -0.6,
            -6.5434e-10,
            0.0,
            -1.06696e-08
        ],
        [
            -0.7,
            -6.16789e-10,
            0.0,
            -1.06877e-08
        ],
        [
            -0.8,
            -6.23107e-10,
            0.0,
            -1.06988e-08
        ],
        [
            -0.9,
            -6.23107e-10,
            0.0,
            -1.06128e-08
        ],
        [
            -1.0,
            -6.9809e-10,
            0.0,
            -1.05896e-08
        ],
        [
            -1.1,
            -7.53283e-10,
            0.0,
            -1.05991e-08
        ],
        [
            -1.2,
            -7.38859e-10,
            0.0,
            -1.05938e-08
        ],
        [
            -1.3,
            -7.46727e-10,
            0.0,
            -1.0582e-08
        ],
        [
            -1.4,
            -8.0657e-10,
            0.0,
            -1.06118e-08
        ],
        [
            -1.5,
            -7.42316e-10,
            0.0,
            -1.06094e-08
        ],
        [
            -1.6,
            -7.66158e-10,
            0.0,
            -1.06219e-08
        ],
        [
            -1.7,
            -7.54356e-10,
            0.0,
            -1.0597e-08
        ],
        [
            -1.8,
            -7.80582e-10,
            0.0,
            -1.05621e-08
        ],
        [
            -1.9,
            -7.84636e-10,
            0.0,
            -1.05252e-08
        ],
        [
            -2.0,
            -8.2612e-10,
            0.0,
            -1.02929e-08
        ],
        [
            -2.1,
            -8.6391e-10,
            0.0,
            -1.02088e-08
        ],
        [
            -2.2,
            -8.59141e-10,
            0.0,
            -9.99737e-09
        ],
        [
            -2.3,
            -8.51154e-10,
            0.0,
            -9.75657e-09
        ],
        [
            -2.4,
            -8.39829e-10,
            0.0,
            -1.00131e-08
        ],
        [
            -2.5,
            -8.39353e-10,
            0.0,
            -9.95278e-09
        ],
        [
            -2.6,
            -8.80837e-10,
            0.0,
            -1.00487e-08
        ],
        [
            -2.7,
            -8.38518e-10,
            0.0,
            -1.01113e-08
        ],
        [
            -2.8,
            -8.74162e-10,
            0.0,
            -9.94504e-09
        ],
        [
            -2.9,
            -9.62019e-10,
            0.0,
            -9.83894e-09
        ],
        [
            -3.0,
            -9.8455e-10,
            0.0,
            -1.00867e-08
        ],
        [
            -3.1,
            -9.77397e-10,
            0.0,
            -9.88281e-09
        ],
        [
            -3.2,
            -9.78589e-10,
            0.0,
            -9.94134e-09
        ],
        [
            -3.3,
            -8.70824e-10,
            0.0,
            -1.00945e-08
        ],
        [
            -3.4,
            -9.4223e-10,
            0.0,
            -1.00073e-08
        ],
        [
            -3.5,
            -9.46641e-10,
            0.0,
            -1.00949e-08
        ],
        [
            -3.6,
            -9.63807e-10,
            0.0,
            -1.00935e-08
        ],
        [
            -3.7,
            -1.00386e-09,
            0.0,
            -9.87363e-09
        ],
        [
            -3.8,
            -1.01268e-09,
            0.0,
            -9.82201e-09
        ],
        [
            -3.9,
            -1.00255e-09,
            0.0,
            -9.90629e-09
        ],
        [
            -4.0,
            -9.9349e-10,
            0.0,
            -1.01074e-08
        ],
        [
            -4.1,
            -1.01686e-09,
            0.0,
            -1.01699e-08
        ],
        [
            -4.2,
            -9.82404e-10,
            0.0,
            -1.0054e-08
        ],
        [
            -4.3,
            -1.01054e-09,
            0.0,
            -9.75132e-09
        ],
        [
            -4.4,
            -1.01626e-09,
            0.0,
            -9.99904e-09
        ],
        [
            -4.5,
            -1.07479e-09,
            0.0,
            -9.85622e-09
        ],
        [
            -4.6,
            -1.09839e-09,
            0.0,
            -9.85181e-09
        ],
        [
            -4.7,
            -1.11437e-09,
            0.0,
            -9.97448e-09
        ],
        [
            -4.8,
            -1.12391e-09,
            0.0,
            -9.64069e-09
        ],
        [
            -4.9,
            -9.57727e-10,
            0.0,
            -7.14922e-09
        ],
        [
            -5.0,
            -1.06287e-09,
            0.0,
            -7.11715e-09
        ],
        [],
        [
            0.0,
            3.31184e-08,
            0.0,
            -1.51192e-08
        ],
        [
            -0.1,
            -4.48568e-05,
            0.0,
            -1.28796e-08
        ],
        [
            -0.2,
            -7.36475e-05,
            0.0,
            -1.14836e-08
        ],
        [
            -0.3,
            -8.79049e-05,
            0.0,
            -1.11369e-08
        ],
        [
            -0.4,
            -9.31144e-05,
            0.0,
            -1.11974e-08
        ],
        [
            -0.5,
            -9.4986e-05,
            0.0,
            -1.09534e-08
        ],
        [
            -0.6,
            -9.60231e-05,
            0.0,
            -1.12581e-08
        ],
        [
            -0.7,
            -9.67145e-05,
            0.0,
            -1.2308e-08
        ],
        [
            -0.8,
            -9.71675e-05,
            0.0,
            -1.17543e-08
        ],
        [
            -0.9,
            -9.75847e-05,
            0.0,
            -1.16338e-08
        ],
        [
            -1.0,
            -9.80377e-05,
            0.0,
            -1.13649e-08
        ],
        [
            -1.1,
            -9.84907e-05,
            0.0,
            -1.13995e-08
        ],
        [
            -1.2,
            -9.88007e-05,
            0.0,
            -1.10884e-08
        ],
        [
            -1.3,
            -9.9051e-05,
            0.0,
            -1.09848e-08
        ],
        [
            -1.4,
            -9.92775e-05,
            0.0,
            -1.08513e-08
        ],
        [
            -1.5,
            -9.9659e-05,
            0.0,
            -1.47809e-08
        ],
        [
            -1.6,
            -9.99212e-05,
            0.0,
            -1.06204e-08
        ],
        [
            -1.7,
            -0.000100148,
            0.0,
            -1.05848e-08
        ],
        [
            -1.8,
            -0.000100517,
            0.0,
            -1.05088e-08
        ],
        [
            -1.9,
            -0.000100672,
            0.0,
            -1.04842e-08
        ],
        [
            -2.0,
            -0.000100946,
            0.0,
            -1.05323e-08
        ],
        [
            -2.1,
            -0.000101125,
            0.0,
            -1.02988e-08
        ],
        [
            -2.2,
            -0.000101388,
            0.0,
            -1.03652e-08
        ],
        [
            -2.3,
            -0.000101626,
            0.0,
            -1.02137e-08
        ],
        [
            -2.4,
            -0.000101817,
            0.0,
            -1.02427e-08
        ],
        [
            -2.5,
            -0.000102115,
            0.0,
            -1.03083e-08
        ],
        [
            -2.6,
            -0.000102317,
            0.0,
            -1.00541e-08
        ],
        [
            -2.7,
            -0.000102496,
            0.0,
            -9.86624e-09
        ],
        [
            -2.8,
            -0.000102711,
            0.0,
            -9.66811e-09
        ],
        [
            -2.9,
            -0.000102937,
            0.0,
            -9.65977e-09
        ],
        [
            -3.0,
            -0.000103152,
            0.0,
            -9.19116e-09
        ],
        [
            -3.1,
            -0.000103366,
            0.0,
            -9.5216e-09
        ],
        [
            -3.2,
            -0.000103581,
            0.0,
            -9.41622e-09
        ],
        [
            -3.3,
            -0.000103819,
            0.0,
            -9.70447e-09
        ],
        [
            -3.4,
            -0.000103986,
            0.0,
            -9.70197e-09
        ],
        [
            -3.5,
            -0.000104201,
            0.0,
            -9.23586e-09
        ],
        [
            -3.6,
            -0.000104487,
            0.0,
            -9.88185e-09
        ],
        [
            -3.7,
            -0.000104761,
            0.0,
            -9.68564e-09
        ],
        [
            -3.8,
            -0.000105047,
            0.0,
            -9.84168e-09
        ],
        [
            -3.9,
            -0.000105309,
            0.0,
            -9.72474e-09
        ],
        [
            -4.0,
            -0.000105631,
            0.0,
            -9.53329e-09
        ],
        [
            -4.1,
            -0.000105882,
            0.0,
            -9.48715e-09
        ],
        [
            -4.2,
            -0.000106275,
            0.0,
            -9.02986e-09
        ],
        [
            -4.3,
            -0.000106704,
            0.0,
            -9.02545e-09
        ],
        [
            -4.4,
            -0.000107026,
            0.0,
            -9.17768e-09
        ],
        [
            -4.5,
            -0.000107503,
            0.0,
            -9.29308e-09
        ],
        [
            -4.6,
            -0.000108039,
            0.0,
            -9.18877e-09
        ],
        [
            -4.7,
            -0.000108564,
            0.0,
            -8.88455e-09
        ],
        [
            -4.8,
            -0.000109148,
            0.0,
            -8.88801e-09
        ],
        [
            -4.9,
            -0.000109911,
            0.0,
            -9.05693e-09
        ],
        [
            -5.0,
            -0.000110686,
            0.0,
            -8.7887e-09
        ],
        [],
        [
            0.0,
            2.16267e-08,
            0.0,
            -1.81694e-08
        ],
        [
            -0.1,
            -0.000172853,
            0.0,
            -1.28006e-08
        ],
        [
            -0.2,
            -0.000329864,
            0.0,
            -1.06968e-08
        ],
        [
            -0.3,
            -0.000470901,
            0.0,
            -1.07892e-08
        ],
        [
            -0.4,
            -0.000595891,
            0.0,
            -1.13183e-08
        ],
        [
            -0.5,
            -0.000704682,
            0.0,
            -1.08062e-08
        ],
        [
            -0.6,
            -0.0007972,
            0.0,
            -1.1423e-08
        ],
        [
            -0.7,
            -0.000873637,
            0.0,
            -1.07683e-08
        ],
        [
            -0.8,
            -0.000934362,
            0.0,
            -1.08047e-08
        ],
        [
            -0.9,
            -0.000980318,
            0.0,
            -1.06727e-08
        ],
        [
            -1.0,
            -0.00101302,
            0.0,
            -1.06533e-08
        ],
        [
            -1.1,
            -0.00103481,
            0.0,
            -1.0657e-08
        ],
        [
            -1.2,
            -0.00104854,
            0.0,
            -1.06264e-08
        ],
        [
            -1.3,
            -0.00105746,
            0.0,
            -1.0613e-08
        ],
        [
            -1.4,
            -0.00106387,
            0.0,
            -1.06499e-08
        ],
        [
            -1.5,
            -0.00106891,
            0.0,
            -1.06342e-08
        ],
        [
            -1.6,
            -0.00107324,
            0.0,
            -1.06717e-08
        ],
        [
            -1.7,
            -0.00107706,
            0.0,
            -1.06254e-08
        ],
        [
            -1.8,
            -0.0010806,
            0.0,
            -1.06432e-08
        ],
        [
            -1.9,
            -0.00108377,
            0.0,
            -1.06195e-08
        ],
        [
            -2.0,
            -0.00108681,
            0.0,
            -1.06236e-08
        ],
        [
            -2.1,
            -0.00108966,
            0.0,
            -1.06241e-08
        ],
        [
            -2.2,
            -0.00109247,
            0.0,
            -1.06293e-08
        ],
        [
            -2.3,
            -0.00109507,
            0.0,
            -1.06374e-08
        ],
        [
            -2.4,
            -0.00109756,
            0.0,
            -1.06548e-08
        ],
        [
            -2.5,
            -0.0011,
            0.0,
            -1.06131e-08
        ],
        [
            -2.6,
            -0.00110234,
            0.0,
            -1.06142e-08
        ],
        [
            -2.7,
            -0.0011047,
            0.0,
            -1.05919e-08
        ],
        [
            -2.8,
            -0.00110692,
            0.0,
            -1.05805e-08
        ],
        [
            -2.9,
            -0.00110915,
            0.0,
            -1.06012e-08
        ],
        [
            -3.0,
            -0.00111139,
            0.0,
            -1.05035e-08
        ],
        [
            -3.1,
            -0.00111353,
            0.0,
            -1.04215e-08
        ],
        [
            -3.2,
            -0.00111555,
            0.0,
            -9.9479e-09
        ],
        [
            -3.3,
            -0.00111766,
            0.0,
            -1.04018e-08
        ],
        [
            -3.4,
            -0.00111974,
            0.0,
            -1.02726e-08
        ],
        [
            -3.5,
            -0.00112174,
            0.0,
            -1.0277e-08
        ],
        [
            -3.6,
            -0.00112376,
            0.0,
            -9.97698e-09
        ],
        [
            -3.7,
            -0.00112566,
            0.0,
            -1.00667e-08
        ],
        [
            -3.8,
            -0.00112768,
            0.0,
            -9.70042e-09
        ],
        [
            -3.9,
            -0.00112977,
            0.0,
            -9.65643e-09
        ],
        [
            -4.0,
            -0.00113187,
            0.0,
            -9.62365e-09
        ],
        [
            -4.1,
            -0.00113389,
            0.0,
            -9.62663e-09
        ],
        [
            -4.2,
            -0.00113614,
            0.0,
            -9.72855e-09
        ],
        [
            -4.3,
            -0.0011387,
            0.0,
            -9.49252e-09
        ],
        [
            -4.4,
            -0.00114123,
            0.0,
            -8.97968e-09
        ],
        [
            -4.5,
            -0.00114417,
            0.0,
            -9.47762e-09
        ],
        [
            -4.6,
            -0.0011472,
            0.0,
            -9.76086e-09
        ],
        [
            -4.7,
            -0.00115058,
            0.0,
            -9.89199e-09
        ],
        [
            -4.8,
            -0.00115435,
            0.0,
            -9.64379e-09
        ],
        [
            -4.9,
            -0.00115844,
            0.0,
            -9.05144e-09
        ],
        [
            -5.0,
            -0.00116276,
            0.0,
            -8.52287e-09
        ],
        [],
        [
            0.0,
            -5.08081e-07,
            0.0,
            -1.60261e-08
        ],
        [
            -0.1,
            -0.000281799,
            0.0,
            -1.44907e-08
        ],
        [
            -0.2,
            -0.000549662,
            0.0,
            -1.35882e-08
        ],
        [
            -0.3,
            -0.000803339,
            0.0,
            -1.32388e-08
        ],
        [
            -0.4,
            -0.00104299,
            0.0,
            -1.28567e-08
        ],
        [
            -0.5,
            -0.00126834,
            0.0,
            -1.24221e-08
        ],
        [
            -0.6,
            -0.00147916,
            0.0,
            -1.23264e-08
        ],
        [
            -0.7,
            -0.00167538,
            0.0,
            -1.19518e-08
        ],
        [
            -0.8,
            -0.00185691,
            0.0,
            -1.1914e-08
        ],
        [
            -0.9,
            -0.00202399,
            0.0,
            -1.1927e-08
        ],
        [
            -1.0,
            -0.00217632,
            0.0,
            -1.17097e-08
        ],
        [
            -1.1,
            -0.00231442,
            0.0,
            -1.14361e-08
        ],
        [
            -1.2,
            -0.00243745,
            0.0,
            -1.14508e-08
        ],
        [
            -1.3,
            -0.00254575,
            0.0,
            -1.12189e-08
        ],
        [
            -1.4,
            -0.00263956,
            0.0,
            -1.08805e-08
        ],
        [
            -1.5,
            -0.00271922,
            0.0,
            -1.11599e-08
        ],
        [
            -1.6,
            -0.00278522,
            0.0,
            -1.15378e-08
        ],
        [
            -1.7,
            -0.0028385,
            0.0,
            -1.13175e-08
        ],
        [
            -1.8,
            -0.00288042,
            0.0,
            -1.131e-08
        ],
        [
            -1.9,
            -0.00291239,
            0.0,
            -1.13077e-08
        ],
        [
            -2.0,
            -0.00293677,
            0.0,
            -1.11047e-08
        ],
        [
            -2.1,
            -0.00295553,
            0.0,
            -1.09905e-08
        ],
        [
            -2.2,
            -0.00297065,
            0.0,
            -1.07788e-08
        ],
        [
            -2.3,
            -0.00298297,
            0.0,
            -1.06173e-08
        ],
        [
            -2.4,
            -0.00299371,
            0.0,
            -1.07106e-08
        ],
        [
            -2.5,
            -0.00300323,
            0.0,
            -1.04858e-08
        ],
        [
            -2.6,
            -0.003012,
            0.0,
            -1.05547e-08
        ],
        [
            -2.7,
            -0.00302024,
            0.0,
            -1.0553e-08
        ],
        [
            -2.8,
            -0.0030279,
            0.0,
            -1.04052e-08
        ],
        [
            -2.9,
            -0.00303531,
            0.0,
            -1.03581e-08
        ],
        [
            -3.0,
            -0.00304228,
            0.0,
            -1.02229e-08
        ],
        [
            -3.1,
            -0.00304904,
            0.0,
            -1.02764e-08
        ],
        [
            -3.2,
            -0.00305564,
            0.0,
            -1.02528e-08
        ],
        [
            -3.3,
            -0.00306195,
            0.0,
            -1.0137e-08
        ],
        [
            -3.4,
            -0.00306822,
            0.0,
            -1.01384e-08
        ],
        [
            -3.5,
            -0.00307417,
            0.0,
            -1.00991e-08
        ],
        [
            -3.6,
            -0.00308018,
            0.0,
            -1.0046e-08
        ],
        [
            -3.7,
            -0.00308598,
            0.0,
            -9.9833e-09
        ],
        [
            -3.8,
            -0.00309175,
            0.0,
            -9.97257e-09
        ],
        [
            -3.9,
            -0.00309721,
            0.0,
            -9.93168e-09
        ],
        [
            -4.0,
            -0.00310273,
            0.0,
            -9.97782e-09
        ],
        [
            -4.1,
            -0.00310813,
            0.0,
            -9.87709e-09
        ],
        [
            -4.2,
            -0.00311359,
            0.0,
            -9.90975e-09
        ],
        [
            -4.3,
            -0.0031189,
            0.0,
            -9.77218e-09
        ],
        [
            -4.4,
            -0.00312421,
            0.0,
            -9.79912e-09
        ],
        [
            -4.5,
            -0.00312958,
            0.0,
            -9.79328e-09
        ],
        [
            -4.6,
            -0.00313494,
            0.0,
            -9.71639e-09
        ],
        [
            -4.7,
            -0.0031404,
            0.0,
            -9.59766e-09
        ],
        [
            -4.8,
            -0.003146,
            0.0,
            -9.59015e-09
        ],
        [
            -4.9,
            -0.00315185,
            0.0,
            -9.39798e-09
        ],
        [
            -5.0,
            -0.00315804,
            0.0,
            -9.45067e-09
        ],
        [],
        [
            0.0,
            -1.14876e-06,
            0.0,
            -1.59976e-08
        ],
        [
            -0.1,
            -0.000376391,
            0.0,
            -1.51303e-08
        ],
        [
            -0.2,
            -0.000740385,
            0.0,
            -1.42193e-08
        ],
        [
            -0.3,
            -0.00109168,
            0.0,
            -1.37645e-08
        ],
        [
            -0.4,
            -0.00143014,
            0.0,
            -1.35661e-08
        ],
        [
            -0.5,
            -0.00175581,
            0.0,
            -1.31992e-08
        ],
        [
            -0.6,
            -0.00206832,
            0.0,
            -1.29303e-08
        ],
        [
            -0.7,
            -0.0023677,
            0.0,
            -1.26693e-08
        ],
        [
            -0.8,
            -0.00265383,
            0.0,
            -1.24068e-08
        ],
        [
            -0.9,
            -0.00292673,
            0.0,
            -1.23537e-08
        ],
        [
            -1.0,
            -0.00318639,
            0.0,
            -1.22617e-08
        ],
        [
            -1.1,
            -0.00343363,
            0.0,
            -1.21433e-08
        ],
        [
            -1.2,
            -0.00366648,
            0.0,
            -1.19261e-08
        ],
        [
            -1.3,
            -0.0038856,
            0.0,
            -1.17195e-08
        ],
        [
            -1.4,
            -0.00409141,
            0.0,
            -1.10589e-08
        ],
        [
            -1.5,
            -0.00428357,
            0.0,
            -1.20852e-08
        ],
        [
            -1.6,
            -0.00446192,
            0.0,
            -1.11325e-08
        ],
        [
            -1.7,
            -0.00462692,
            0.0,
            1.07372e-09
        ],
        [
            -1.8,
            -0.00477822,
            0.0,
            -1.09363e-08
        ],
        [
            -1.9,
            -0.0049158,
            0.0,
            -1.12029e-08
        ],
        [
            -2.0,
            -0.00491095,
            0.0,
            -1.09565e-08
        ],
        [
            -2.1,
            -0.00500822,
            0.0,
            -1.13267e-08
        ],
        [
            -2.2,
            -0.00510335,
            0.0,
            -1.09111e-08
        ],
        [
            -2.3,
            -0.00519538,
            0.0,
            -1.07149e-08
        ],
        [
            -2.4,
            -0.00526571,
            0.0,
            -1.09444e-08
        ],
        [
            -2.5,
            -0.00533271,
            0.0,
            -1.13385e-08
        ],
        [
            -2.6,
            -0.00537372,
            0.0,
            -1.09226e-08
        ],
        [
            -2.7,
            -0.00542343,
            0.0,
            -1.08229e-08
        ],
        [
            -2.8,
            -0.00546575,
            0.0,
            -8.32152e-09
        ],
        [
            -2.9,
            -0.00548077,
            0.0,
            -1.2396e-08
        ],
        [
            -3.0,
            -0.00550604,
            0.0,
            -8.63147e-09
        ],
        [
            -3.1,
            -0.00552344,
            0.0,
            -9.90355e-09
        ],
        [
            -3.2,
            -0.00555587,
            0.0,
            -1.1995e-08
        ],
        [
            -3.3,
            -0.0055784,
            0.0,
            -1.17754e-08
        ],
        [
            -3.4,
            -0.00559282,
            0.0,
            -1.01026e-08
        ],
        [
            -3.5,
            -0.00560403,
            0.0,
            -9.80389e-09
        ],
        [
            -3.6,
            -0.00563443,
            0.0,
            -9.25529e-09
        ],
        [
            -3.7,
            -0.00562251,
            0.0,
            -1.12207e-08
        ],
        [
            -3.8,
            -0.00566316,
            0.0,
            -1.15966e-08
        ],
        [
            -3.9,
            -0.00566745,
            0.0,
            -9.97567e-09
        ],
        [
            -4.0,
            -0.00566399,
            0.0,
            -1.01602e-08
        ],
        [
            -4.1,
            -0.00568998,
            0.0,
            -1.06347e-08
        ],
        [
            -4.2,
            -0.00570512,
            0.0,
            -1.05839e-08
        ],
        [
            -4.3,
            -0.00571489,
            0.0,
            -1.15372e-08
        ],
        [
            -4.4,
            -0.00572133,
            0.0,
            -9.7965e-09
        ],
        [
            -4.5,
            -0.00572538,
            0.0,
            -1.12507e-08
        ],
        [
            -4.6,
            -0.00573146,
            0.0,
            -9.45842e-09
        ],
        [
            -4.7,
            -0.00576067,
            0.0,
            -1.08973e-08
        ],
        [
            -4.8,
            -0.00576866,
            0.0,
            -1.05196e-08
        ],
        [
            -4.9,
            -0.00575018,
            0.0,
            -9.91046e-09
        ],
        [
            -5.0,
            -0.00577879,
            0.0,
            -9.49609e-09
        ]
    ],
    "column_names": "#vd              id              ib              ig",
    "path": "kristalsos_waf6chip1_DT13p_W520_L6_soi_dc_idvd_301K.mdm"
}